{"chunk_definitions":[{"chunk_id":"cul9bhru548zh","chunk_label":"unnamed-chunk-1","document_id":"4F20CC86","expansion_state":0,"options":{"engine":"r","label":"unnamed-chunk-1"},"row":10,"row_count":1,"visible":true},{"chunk_id":"cpj24iusohj1k","chunk_label":"unnamed-chunk-2","document_id":"4F20CC86","expansion_state":0,"options":{"echo":false,"engine":"r","label":"unnamed-chunk-2"},"row":18,"row_count":1,"visible":true},{"chunk_id":"chzypxcdeqovb","chunk_label":"unnamed-chunk-3","document_id":"4F20CC86","expansion_state":0,"options":{"engine":"r","label":"unnamed-chunk-3"},"row":37,"row_count":1,"visible":true},{"chunk_id":"cnma1kdddzez1","chunk_label":"unnamed-chunk-4","document_id":"4F20CC86","expansion_state":0,"options":{"engine":"r","label":"unnamed-chunk-4","message":false},"row":49,"row_count":1,"visible":true},{"chunk_id":"c3iubjvsdpvje","chunk_label":"unnamed-chunk-10","document_id":"4F20CC86","expansion_state":0,"options":{"engine":"r","label":"unnamed-chunk-2"},"row":129,"row_count":1,"visible":true}],"doc_write_time":1591051233}