[{"name":"htmlwidgets","version":"1.5.1","src":{"file":"\/Library\/Frameworks\/R.framework\/Versions\/3.6\/Resources\/library\/htmlwidgets\/www"},"meta":null,"script":"htmlwidgets.js","stylesheet":null,"head":null,"attachment":null,"package":null,"all_files":true},{"name":"viz","version":"1.8.2","src":{"file":"\/Library\/Frameworks\/R.framework\/Versions\/3.6\/Resources\/library\/DiagrammeR\/htmlwidgets\/lib\/viz"},"meta":null,"script":"viz.js","stylesheet":null,"head":null,"attachment":null,"package":null,"all_files":true},{"name":"DiagrammeR-styles","version":"0.2","src":{"file":"\/Library\/Frameworks\/R.framework\/Versions\/3.6\/Resources\/library\/DiagrammeR\/htmlwidgets\/lib\/styles"},"meta":null,"script":null,"stylesheet":"styles.css","head":null,"attachment":null,"package":null,"all_files":true},{"name":"grViz-binding","version":"1.0.6.1","src":{"file":"\/Library\/Frameworks\/R.framework\/Versions\/3.6\/Resources\/library\/DiagrammeR\/htmlwidgets"},"meta":null,"script":"grViz.js","stylesheet":null,"head":null,"attachment":null,"package":null,"all_files":false}]
