{"chunk_definitions":[{"chunk_id":"c3iubjvsdpvje","chunk_label":"unnamed-chunk-10","document_id":"4F20CC86","expansion_state":0,"options":{"engine":"r","label":"unnamed-chunk-5"},"row":129,"row_count":1,"visible":true},{"chunk_id":"c547mbpqx7hf5","chunk_label":"unnamed-chunk-11","document_id":"4F20CC86","expansion_state":0,"options":{"engine":"r","label":"unnamed-chunk-6"},"row":135,"row_count":1,"visible":true},{"chunk_id":"czlwwpw2vt3vt","chunk_label":"unnamed-chunk-12","document_id":"4F20CC86","expansion_state":0,"options":{"engine":"r","label":"unnamed-chunk-7"},"row":144,"row_count":1,"visible":true}],"doc_write_time":1591051233}