{"chunk_definitions":[{"chunk_id":"cyzbi243n2o4v","chunk_label":"unnamed-chunk-1","document_id":"77116A64","expansion_state":0,"options":{"engine":"r","include":false,"label":"unnamed-chunk-207"},"row":15,"row_count":1,"visible":true},{"chunk_id":"csetup_chunk","chunk_label":"setup","document_id":"77116A64","expansion_state":0,"options":{"engine":"r","include":false,"label":"setup"},"row":43,"row_count":1,"visible":true},{"chunk_id":"cy783ivnj6d1j","chunk_label":"unnamed-chunk-3","document_id":"77116A64","expansion_state":0,"options":{"engine":"r","label":"unnamed-chunk-202"},"row":73,"row_count":1,"visible":true},{"chunk_id":"ccds5ghiorisl","chunk_label":"unnamed-chunk-4","document_id":"77116A64","expansion_state":0,"options":{"engine":"r","label":"unnamed-chunk-89"},"row":88,"row_count":1,"visible":true},{"chunk_id":"cza9ngk9slxr9","chunk_label":"unnamed-chunk-5","document_id":"77116A64","expansion_state":0,"options":{"engine":"r","label":"unnamed-chunk-206"},"row":98,"row_count":1,"visible":true}],"default_chunk_options":{},"doc_write_time":1591876966,"working_dir":null}